timestamp,icao24,latitude,longitude,groundspeed,track,vertical_rate,callsign,onground,alert,spi,squawk,altitude,geoaltitude
1641061740,3946e9,44.07393633309057,1.3882010323660714,276.0,207.4007488228724,-1664.0,AFR56LN,False,False,False,1000,8825.0,9400.0
1641061741,3946e9,44.07289123535156,1.3874710437863371,276.0,207.4007488228724,-1664.0,AFR56LN,False,False,False,1000,8800.0,9400.0
1641061742,3946e9,44.0712890625,1.386321311773256,276.0,207.4007488228724,-1664.0,AFR56LN,False,False,False,1000,8775.0,9350.0
1641061743,3946e9,44.07041931152344,1.3856825717659884,276.0,207.4007488228724,-1728.0,AFR56LN,False,False,False,1000,8750.0,9325.0
1641061744,3946e9,44.06937421378443,1.3849312918526786,276.0,207.4007488228724,-1792.0,AFR56LN,False,False,False,1000,8725.0,9300.0
1641061745,3946e9,44.06813049316406,1.3840218477470931,276.0,207.4007488228724,-1856.0,AFR56LN,False,False,False,1000,8675.0,9225.0
1641061746,3946e9,44.06703186035156,1.383255359738372,276.0,207.4007488228724,-1856.0,AFR56LN,False,False,False,1000,8650.0,9225.0
1641061747,3946e9,44.06574313923464,1.3823154994419642,276.0,207.4007488228724,-1920.0,AFR56LN,False,False,False,1000,8625.0,9200.0
1641061748,3946e9,44.06451416015625,1.3814668877180234,277.0,207.30550467968115,-1920.0,AFR56LN,False,False,False,1000,8575.0,9150.0
1641061749,3946e9,44.06350863181938,1.3807460239955356,277.0,207.30550467968115,-1984.0,AFR56LN,False,False,False,1000,8550.0,9125.0
1641061750,3946e9,44.06257758706303,1.3800920758928572,277.0,207.30550467968115,-1984.0,AFR56LN,False,False,False,1000,8525.0,9100.0
1641061751,3946e9,44.061309814453125,1.3791674236918603,277.0,207.30550467968115,-2048.0,AFR56LN,False,False,False,1000,8500.0,9075.0
1641061752,3946e9,44.060063766220864,1.378326416015625,278.0,207.2108699710525,-2048.0,AFR56LN,False,False,False,1000,8450.0,9000.0
1641061753,3946e9,44.05906677246094,1.377570573673692,277.0,207.0271038985088,-2048.0,AFR56LN,False,False,False,1000,8425.0,9000.0
1641061754,3946e9,44.05796891551907,1.3768223353794642,277.0,207.0271038985088,-2048.0,AFR56LN,False,False,False,1000,8400.0,8950.0
1641061755,3946e9,44.05696105957031,1.3761014716569768,277.0,207.0271038985088,-2048.0,AFR56LN,False,False,False,1000,8350.0,8925.0
1641061756,3946e9,44.05586242675781,1.375334983648256,278.0,206.93350770241568,-2048.0,AFR56LN,False,False,False,1000,8325.0,8875.0
1641061757,3946e9,44.05475681110964,1.3745335170200892,279.0,207.1168393777156,-1984.0,AFR56LN,False,False,False,1000,8300.0,8850.0
1641061758,3946e9,44.05317403502383,1.3734218052455356,279.0,207.1168393777156,-1920.0,AFR56LN,False,False,False,1000,8250.0,8825.0
1641061759,3946e9,44.05192565917969,1.3725245276162792,279.0,207.1168393777156,-1920.0,AFR56LN,False,False,False,1000,8225.0,8800.0
1641061760,3946e9,44.051358497748936,1.3721139090401786,279.0,207.1168393777156,-1856.0,AFR56LN,False,False,False,1000,8200.0,8750.0
1641061761,3946e9,44.04963684082031,1.370863803597384,279.0,207.1168393777156,-1792.0,AFR56LN,False,False,False,1000,8175.0,8725.0
1641061762,3946e9,44.048611915717686,1.3701520647321428,279.0,207.1168393777156,-1792.0,AFR56LN,False,False,False,1000,8125.0,8700.0
1641061763,3946e9,44.04744810977224,1.3693019321986606,279.0,207.1168393777156,-1728.0,AFR56LN,False,False,False,1000,8100.0,8650.0
1641061764,3946e9,44.04684448242188,1.3689475835755816,279.0,207.1168393777156,-1728.0,AFR56LN,False,False,False,1000,8100.0,8650.0
1641061765,3946e9,44.04505920410156,1.3676701035610466,279.0,207.1168393777156,-1664.0,AFR56LN,False,False,False,1000,8050.0,8625.0
1641061766,3946e9,44.04446876655191,1.3672092982700892,279.0,207.1168393777156,-1600.0,AFR56LN,False,False,False,1000,8025.0,8575.0
1641061767,3946e9,44.042724609375,1.3660093795421513,279.0,207.1168393777156,-1600.0,AFR56LN,False,False,False,1000,8000.0,8550.0
1641061768,3946e9,44.04185485839844,1.365370639534884,279.0,207.1168393777156,-1536.0,AFR56LN,False,False,False,1000,7975.0,8525.0
1641061769,3946e9,44.04060493081303,1.3644627162388392,278.0,207.2108699710525,-1472.0,AFR56LN,False,False,False,1000,7950.0,8500.0
1641061770,3946e9,44.03997802734375,1.364029285519622,278.0,207.2108699710525,-1472.0,AFR56LN,False,False,False,1000,7925.0,8475.0
1641061771,3946e9,44.03827731892214,1.3628278459821428,278.0,207.2108699710525,-1408.0,AFR56LN,False,False,False,1000,7900.0,8475.0
1641061772,3946e9,44.037625587592686,1.3623700823102678,278.0,207.2108699710525,-1408.0,AFR56LN,False,False,False,1000,7900.0,8450.0
1641061773,3946e9,44.03631591796875,1.3614104514898258,277.0,207.30550467968115,-1344.0,AFR56LN,False,False,False,1000,7875.0,8425.0
1641061774,3946e9,44.0352979757018,1.3606698172433036,277.0,207.30550467968115,-1344.0,AFR56LN,False,False,False,1000,7850.0,8375.0
1641061775,3946e9,44.03422727423199,1.3598850795200892,277.0,207.30550467968115,-1344.0,AFR56LN,False,False,False,1000,7825.0,8375.0
1641061776,3946e9,44.032470703125,1.3586638694585758,277.0,207.30550467968115,-1344.0,AFR56LN,False,False,False,1000,7800.0,8350.0
1641061777,3946e9,44.03132629394531,1.357833507449128,276.0,207.4007488228724,-1280.0,AFR56LN,False,False,False,1000,7775.0,8325.0
1641061778,3946e9,44.03068542480469,1.3573863894440408,276.0,207.4007488228724,-1280.0,AFR56LN,False,False,False,1000,7750.0,8275.0
1641061779,3946e9,44.029541015625,1.3565560274345931,276.0,207.4007488228724,-1344.0,AFR56LN,False,False,False,1000,7725.0,8250.0
1641061780,3946e9,44.02826858779131,1.3556344168526786,275.0,207.49660777515547,-1344.0,AFR56LN,False,False,False,1000,7700.0,8250.0
1641061781,3946e9,44.02706909179688,1.3547675554142442,275.0,207.49660777515547,-1344.0,AFR56LN,False,False,False,1000,7675.0,8200.0
1641061782,3946e9,44.02592468261719,1.3539371934047966,275.0,207.49660777515547,-1344.0,AFR56LN,False,False,False,1000,7650.0,8175.0
1641061783,3946e9,44.0247802734375,1.353106831395349,275.0,207.3115337517672,-1344.0,AFR56LN,False,False,False,1000,7625.0,8175.0
1641061784,3946e9,44.02356681177172,1.35223388671875,274.0,207.4075754378184,-1408.0,AFR56LN,False,False,False,1000,7625.0,8150.0
1641061785,3946e9,44.022308349609375,1.351318359375,274.0,207.4075754378184,-1408.0,AFR56LN,False,False,False,1000,7575.0,8100.0
1641061786,3946e9,44.02128575211864,1.3505990164620536,274.0,207.4075754378184,-1408.0,AFR56LN,False,False,False,1000,7575.0,8100.0
1641061787,3946e9,44.020401259600106,1.349945068359375,274.0,207.4075754378184,-1408.0,AFR56LN,False,False,False,1000,7550.0,8075.0
1641061788,3946e9,44.01919555664063,1.3490827693495642,274.0,207.4075754378184,-1408.0,AFR56LN,False,False,False,1000,7525.0,8050.0
1641061789,3946e9,44.01800537109375,1.3482524073401163,273.0,207.5042421228136,-1408.0,AFR56LN,False,False,False,1000,7500.0,8050.0
1641061790,3946e9,44.017364501953125,1.3478052893350292,272.0,207.31766180645252,-1408.0,AFR56LN,False,False,False,1000,7475.0,8000.0
1641061791,3946e9,44.01585388183594,1.3467194313226745,272.0,207.31766180645252,-1408.0,AFR56LN,False,False,False,1000,7450.0,7975.0
1641061792,3946e9,44.01466369628906,1.3458890693132268,272.0,207.31766180645252,-1472.0,AFR56LN,False,False,False,1000,7425.0,7950.0
1641061793,3946e9,44.01356506347656,1.3450587073037792,272.0,207.31766180645252,-1408.0,AFR56LN,False,False,False,1000,7400.0,7925.0
1641061794,3946e9,44.01258048364672,1.3443865094866072,272.0,207.31766180645252,-1408.0,AFR56LN,False,False,False,1000,7375.0,7900.0
1641061795,3946e9,44.01146322993909,1.343536376953125,271.0,207.22685418013333,-1408.0,AFR56LN,False,False,False,1000,7350.0,7875.0
1641061796,3946e9,44.01011321504237,1.342620849609375,271.0,207.22685418013333,-1408.0,AFR56LN,False,False,False,1000,7325.0,7850.0
1641061797,3946e9,44.00904251357256,1.3418361118861606,271.0,207.22685418013333,-1408.0,AFR56LN,False,False,False,1000,7300.0,7825.0
1641061798,3946e9,44.00787870762712,1.3409859793526786,271.0,207.22685418013333,-1472.0,AFR56LN,False,False,False,1000,7275.0,7800.0
1641061799,3946e9,44.00665283203125,1.34014040924782,271.0,207.22685418013333,-1536.0,AFR56LN,False,False,False,1000,7250.0,7800.0
1641061800,3946e9,44.00555419921875,1.339373921239099,271.0,207.22685418013333,-1600.0,AFR56LN,False,False,False,1000,7225.0,7750.0
1641061801,3946e9,44.00440979003906,1.3385435592296513,271.0,207.22685418013333,-1664.0,AFR56LN,False,False,False,1000,7200.0,7725.0
1641061802,3946e9,44.00372314453125,1.3380325672238371,271.0,207.22685418013333,-1664.0,AFR56LN,False,False,False,1000,7175.0,7700.0
1641061803,3946e9,44.00252520027807,1.3371930803571428,270.0,207.32389130134652,-1792.0,AFR56LN,False,False,False,1000,7150.0,7675.0
1641061804,3946e9,44.00145449880826,1.3364083426339286,270.0,207.32389130134652,-1792.0,AFR56LN,False,False,False,1000,7125.0,7650.0
1641061805,3946e9,44.00029069286282,1.3356236049107142,270.0,207.32389130134652,-1792.0,AFR56LN,False,False,False,1000,7100.0,7625.0
1641061806,3946e9,43.99917343915519,1.3348388671875,270.0,207.32389130134652,-1792.0,AFR56LN,False,False,False,1000,7075.0,7600.0
1641061807,3946e9,43.99777221679688,1.333816883175872,270.0,207.32389130134652,-1664.0,AFR56LN,False,False,False,1000,7025.0,7575.0
1641061808,3946e9,43.99675272278866,1.3330732073102678,270.0,207.32389130134652,-1664.0,AFR56LN,False,False,False,1000,7000.0,7525.0
1641061809,3946e9,43.99563546908104,1.3322884695870536,270.0,207.32389130134652,-1600.0,AFR56LN,False,False,False,1000,6975.0,7475.0
1641061810,3946e9,43.9951171875,1.33190066315407,270.0,207.13513962207688,-1536.0,AFR56LN,False,False,False,1000,6950.0,7475.0
1641061811,3946e9,43.993913036281775,1.3310459681919642,270.0,207.13513962207688,-1536.0,AFR56LN,False,False,False,1000,6925.0,7475.0
1641061812,3946e9,43.99241638183594,1.3299844431322676,270.0,207.13513962207688,-1536.0,AFR56LN,False,False,False,1000,6900.0,7425.0
1641061813,3946e9,43.99131774902344,1.3292179551235466,270.0,207.13513962207688,-1536.0,AFR56LN,False,False,False,1000,6875.0,7375.0
1641061814,3946e9,43.99032851396981,1.3284955705915178,270.0,207.13513962207688,-1536.0,AFR56LN,False,False,False,1000,6850.0,7375.0
1641061815,3946e9,43.98916470802436,1.3277108328683036,270.0,207.13513962207688,-1536.0,AFR56LN,False,False,False,1000,6825.0,7325.0
1641061816,3946e9,43.98809400655456,1.3269260951450892,270.0,207.13513962207688,-1536.0,AFR56LN,False,False,False,1000,6800.0,7325.0
1641061817,3946e9,43.98697675284693,1.326141357421875,270.0,207.13513962207688,-1472.0,AFR56LN,False,False,False,1000,6775.0,7275.0
1641061818,3946e9,43.98604570809057,1.3254874093191964,270.0,207.13513962207688,-1472.0,AFR56LN,False,False,False,1000,6750.0,7300.0
1641061819,3946e9,43.98474224543167,1.3245718819754464,268.0,207.0425049543876,-1344.0,AFR56LN,False,False,False,1000,6725.0,7250.0
1641061820,3946e9,43.98358154296875,1.3237247910610466,269.0,207.23235953291305,-1280.0,AFR56LN,False,False,False,1000,6725.0,7225.0
1641061821,3946e9,43.982321529065146,1.3228716169084822,268.0,207.33022477609143,-1216.0,AFR56LN,False,False,False,1000,6700.0,7200.0
1641061822,3946e9,43.98133850097656,1.322127941042878,268.0,207.33022477609143,-1152.0,AFR56LN,False,False,False,1000,6675.0,7175.0
1641061823,3946e9,43.9803663350768,1.3214329310825892,268.0,207.33022477609143,-1152.0,AFR56LN,False,False,False,1000,6650.0,7150.0
1641061824,3946e9,43.9793701171875,1.3207227130268897,267.0,207.4287412216776,-1088.0,AFR56LN,False,False,False,1000,6650.0,7150.0
1641061825,3946e9,43.97817837989936,1.3198634556361606,267.0,207.2379572447488,-1088.0,AFR56LN,False,False,False,1000,6625.0,7125.0
1641061826,3946e9,43.977107678429554,1.3190787179129464,267.0,207.2379572447488,-1088.0,AFR56LN,False,False,False,1000,6600.0,7100.0
1641061827,3946e9,43.97607421875,1.318359375,265.0,207.14475260458187,-1152.0,AFR56LN,False,False,False,1000,6600.0,7100.0
1641061828,3946e9,43.97479248046875,1.3174651389898258,265.0,207.14475260458187,-1152.0,AFR56LN,False,False,False,1000,6550.0,7050.0
1641061829,3946e9,43.97361626059322,1.3165937151227678,265.0,207.14475260458187,-1216.0,AFR56LN,False,False,False,1000,6550.0,7050.0
1641061830,3946e9,43.97259521484375,1.315868288971657,264.0,207.24364965934592,-1216.0,AFR56LN,False,False,False,1000,6525.0,7025.0
1641061831,3946e9,43.971381753177965,1.3150242396763392,264.0,207.24364965934592,-1216.0,AFR56LN,False,False,False,1000,6500.0,7000.0
1641061832,3946e9,43.97031105170816,1.3143048967633928,264.0,207.24364965934592,-1280.0,AFR56LN,False,False,False,1000,6475.0,6975.0
1641061833,3946e9,43.96924035023834,1.3135201590401786,264.0,207.0505970070861,-1280.0,AFR56LN,False,False,False,1000,6450.0,6950.0
1641061834,3946e9,43.96812309653072,1.3127354213169642,263.0,207.1496816977832,-1280.0,AFR56LN,False,False,False,1000,6425.0,6925.0
1641061835,3946e9,43.96747136520127,1.3122776576450892,263.0,207.1496816977832,-1344.0,AFR56LN,False,False,False,1000,6425.0,6925.0
1641061836,3946e9,43.96644721596928,1.3115583147321428,263.0,207.1496816977832,-1344.0,AFR56LN,False,False,False,1000,6400.0,6900.0
1641061837,3946e9,43.96522521972656,1.310630620912064,263.0,207.1496816977832,-1344.0,AFR56LN,False,False,False,1000,6375.0,6875.0
1641061838,3946e9,43.96402649960275,1.3097926548549106,262.0,207.2494392003813,-1408.0,AFR56LN,False,False,False,1000,6350.0,6850.0
1641061839,3946e9,43.962890625,1.308969896893169,262.0,207.2494392003813,-1408.0,AFR56LN,False,False,False,1000,6325.0,6825.0
1641061840,3946e9,43.96235061904131,1.3086155482700892,262.0,207.2494392003813,-1408.0,AFR56LN,False,False,False,1000,6300.0,6800.0
1641061841,3946e9,43.960693359375,1.3074369208757268,262.0,207.2494392003813,-1408.0,AFR56LN,False,False,False,1000,6275.0,6775.0
1641061842,3946e9,43.95964050292969,1.306670432867006,261.0,207.34987578006988,-1408.0,AFR56LN,False,False,False,1000,6250.0,6750.0
1641061843,3946e9,43.95844023106461,1.3058035714285714,261.0,207.34987578006988,-1408.0,AFR56LN,False,False,False,1000,6225.0,6725.0
1641061844,3946e9,43.95736952959481,1.3050188337053572,261.0,207.34987578006988,-1472.0,AFR56LN,False,False,False,1000,6200.0,6675.0
1641061845,3946e9,43.95620727539063,1.3042432208393897,260.0,207.45099777093225,-1472.0,AFR56LN,False,False,False,1000,6175.0,6675.0
1641061846,3946e9,43.955108642578125,1.303412858829942,260.0,207.45099777093225,-1472.0,AFR56LN,False,False,False,1000,6150.0,6650.0
1641061847,3946e9,43.95457639532574,1.3030569893973214,260.0,207.45099777093225,-1536.0,AFR56LN,False,False,False,1000,6125.0,6600.0
1641061848,3946e9,43.95341491699219,1.302199252816134,260.0,207.45099777093225,-1536.0,AFR56LN,False,False,False,1000,6100.0,6600.0
1641061849,3946e9,43.95236206054688,1.3014327648074129,260.0,207.45099777093225,-1536.0,AFR56LN,False,False,False,1000,6075.0,6575.0
1641061850,3946e9,43.951263427734375,1.300666276798692,260.0,207.45099777093225,-1536.0,AFR56LN,False,False,False,1000,6050.0,6550.0
1641061851,3946e9,43.95021057128906,1.299899788789971,260.0,207.45099777093225,-1600.0,AFR56LN,False,False,False,1000,6025.0,6525.0
1641061852,3946e9,43.94926944021451,1.2991986955915178,260.0,207.45099777093225,-1600.0,AFR56LN,False,False,False,1000,6000.0,6500.0
1641061853,3946e9,43.94764709472656,1.2980474427688955,260.0,207.7482725403253,-1600.0,AFR56LN,False,False,False,1000,5975.0,6450.0
1641061854,3946e9,43.946709067134535,1.29730224609375,260.0,207.7482725403253,-1664.0,AFR56LN,False,False,False,1000,5925.0,6450.0
1641061855,3946e9,43.94577026367188,1.296642214752907,260.0,207.7482725403253,-1728.0,AFR56LN,False,False,False,1000,5925.0,6400.0
1641061856,3946e9,43.944671630859375,1.295875726744186,259.0,207.55281157671777,-1728.0,AFR56LN,False,False,True,3666,5875.0,6375.0
1641061857,3946e9,43.94361877441406,1.2951092387354652,259.0,207.55281157671777,-1728.0,AFR56LN,False,False,False,1000,5850.0,6350.0
1641061858,3946e9,43.94256591796875,1.2943427507267442,260.0,207.45099777093225,-1664.0,AFR56LN,False,False,False,1000,5825.0,6350.0
1641061859,3946e9,43.94146728515625,1.2935762627180234,259.0,207.55281157671777,-1600.0,AFR56LN,False,False,False,1000,5800.0,6275.0
1641061860,3946e9,43.940826416015625,1.2930652707122094,259.0,207.55281157671777,-1664.0,AFR56LN,False,False,False,1000,5800.0,6300.0
1641061861,3946e9,43.939361572265625,1.2920432867005816,259.0,207.55281157671777,-1664.0,AFR56LN,False,False,False,1000,5750.0,6225.0
1641061862,3946e9,43.938422768802965,1.291351318359375,259.0,207.55281157671777,-1664.0,AFR56LN,False,False,False,1000,5725.0,6225.0
1641061863,3946e9,43.93730551509534,1.2905665806361606,259.0,207.55281157671777,-1664.0,AFR56LN,False,False,False,1000,5700.0,6175.0
1641061864,3946e9,43.936048604674255,1.2896510532924106,260.0,207.45099777093225,-1664.0,AFR56LN,False,False,False,1000,5675.0,6150.0
1641061865,3946e9,43.93497790320445,1.2888663155691964,260.0,207.45099777093225,-1664.0,AFR56LN,False,False,False,1000,5625.0,6125.0
1641061866,3946e9,43.93390720173464,1.2880815778459822,260.0,207.45099777093225,-1728.0,AFR56LN,False,False,False,1000,5600.0,6075.0
1641061867,3946e9,43.93283650026483,1.2873622349330356,260.0,207.45099777093225,-1728.0,AFR56LN,False,False,False,1000,5575.0,6050.0
1641061868,3946e9,43.93181235103284,1.2865774972098214,260.0,207.45099777093225,-1728.0,AFR56LN,False,False,False,1000,5550.0,6025.0
1641061869,3946e9,43.93111406746557,1.2861197335379464,260.0,207.25532837494305,-1728.0,AFR56LN,False,False,False,1000,5525.0,6000.0
1641061870,3946e9,43.93004336599576,1.2853349958147322,260.0,207.25532837494305,-1728.0,AFR56LN,False,False,False,1000,5500.0,5975.0
1641061871,3946e9,43.92892456054688,1.2845061546148258,260.0,207.25532837494305,-1728.0,AFR56LN,False,False,False,1000,5475.0,5950.0
1641061872,3946e9,43.927825927734375,1.2837396666061047,260.0,207.25532837494305,-1728.0,AFR56LN,False,False,False,1000,5425.0,5925.0
1641061873,3946e9,43.92664505263506,1.2829153878348214,260.0,207.25532837494305,-1728.0,AFR56LN,False,False,False,1000,5400.0,5900.0
1641061874,3946e9,43.92572021484375,1.2822066905886629,260.0,207.25532837494305,-1728.0,AFR56LN,False,False,False,1000,5375.0,5850.0
1641061875,3946e9,43.925155381024894,1.2818690708705356,260.0,207.25532837494305,-1792.0,AFR56LN,False,False,False,1000,5350.0,5825.0
1641061876,3946e9,43.92311096191406,1.2803543445675871,260.0,207.25532837494305,-1792.0,AFR56LN,False,False,False,1000,5325.0,5800.0
1641061877,3946e9,43.922698974609375,1.2800988485646805,260.0,207.25532837494305,-1792.0,AFR56LN,False,False,False,1000,5300.0,5775.0
1641061878,3946e9,43.92105878409693,1.2789263044084822,260.0,207.25532837494305,-1792.0,AFR56LN,False,False,False,1000,5250.0,5725.0
1641061879,3946e9,43.91998808262712,1.2782069614955356,260.0,207.25532837494305,-1728.0,AFR56LN,False,False,False,1000,5225.0,5725.0
1641061880,3946e9,43.918853759765625,1.2773522665334305,260.0,207.25532837494305,-1728.0,AFR56LN,False,False,False,1000,5200.0,5675.0
1641061881,3946e9,43.91831220206568,1.2769644601004464,260.0,207.25532837494305,-1728.0,AFR56LN,False,False,False,1000,5175.0,5650.0
1641061882,3946e9,43.9171142578125,1.2760747865188955,260.0,207.25532837494305,-1728.0,AFR56LN,False,False,False,1000,5150.0,5650.0
1641061883,3946e9,43.91606140136719,1.2753721725109013,260.0,207.25532837494305,-1728.0,AFR56LN,False,False,False,1000,5125.0,5600.0
1641061884,3946e9,43.91500854492188,1.2746056845021805,260.0,207.25532837494305,-1728.0,AFR56LN,False,False,False,1000,5075.0,5575.0
1641061885,3946e9,43.91368103027344,1.2736475744912792,260.0,207.25532837494305,-1792.0,AFR56LN,False,False,False,1000,5050.0,5525.0
1641061886,3946e9,43.912628173828125,1.2728810864825582,260.0,207.25532837494305,-1792.0,AFR56LN,False,False,False,1000,5025.0,5500.0
1641061887,3946e9,43.91170178429555,1.2722560337611606,260.0,207.25532837494305,-1792.0,AFR56LN,False,False,False,1000,5000.0,5475.0
1641061888,3946e9,43.91047668457031,1.2713481104651163,260.0,207.25532837494305,-1792.0,AFR56LN,False,False,False,1000,4975.0,5450.0
1641061889,3946e9,43.90932762016684,1.2705557686941964,260.0,207.25532837494305,-1792.0,AFR56LN,False,False,False,1000,4950.0,5400.0
1641061890,3946e9,43.90814208984375,1.269751260446948,260.0,207.25532837494305,-1856.0,AFR56LN,False,False,False,1000,4900.0,5350.0
1641061891,3946e9,43.90760518736758,1.269378662109375,260.0,207.25532837494305,-1856.0,AFR56LN,False,False,False,1000,4900.0,5375.0
1641061892,3946e9,43.90640258789063,1.2684737804324129,261.0,207.15469532915927,-1728.0,AFR56LN,False,False,False,1000,4850.0,5325.0
1641061893,3946e9,43.905277575476696,1.2676783970424106,260.0,207.25532837494305,-1856.0,AFR56LN,False,False,False,1000,4825.0,5275.0
1641061894,3946e9,43.90392756057998,1.2667628696986606,261.0,207.15469532915927,-1728.0,AFR56LN,False,False,False,1000,4800.0,5250.0
1641061895,3946e9,43.90296936035156,1.2660465684047966,261.0,207.15469532915927,-1728.0,AFR56LN,False,False,False,1000,4750.0,5225.0
1641061896,3946e9,43.90183270987818,1.2652587890625,260.0,206.9588304031648,-1664.0,AFR56LN,False,False,False,1000,4750.0,5200.0
1641061897,3946e9,43.90086364746094,1.2645774663880816,260.0,206.9588304031648,-1664.0,AFR56LN,False,False,False,1000,4725.0,5175.0
1641061898,3946e9,43.89976501464844,1.263747104378634,261.0,207.15469532915927,-1600.0,AFR56LN,False,False,False,1000,4675.0,5125.0
1641061899,3946e9,43.89857405323093,1.2629045758928572,260.0,207.25532837494305,-1472.0,AFR56LN,False,False,False,1000,4650.0,5125.0
1641061900,3946e9,43.89765930175781,1.262278002361919,260.0,207.25532837494305,-1536.0,AFR56LN,False,False,False,1000,4625.0,5075.0
1641061901,3946e9,43.89647920252913,1.2614004952566964,260.0,207.25532837494305,-1600.0,AFR56LN,False,False,False,1000,4600.0,5075.0
1641061902,3946e9,43.89559471001059,1.2608119419642856,259.0,207.3566523358648,-1728.0,AFR56LN,False,False,False,1000,4575.0,5025.0
1641061903,3946e9,43.8945705607786,1.2600925990513392,259.0,207.3566523358648,-1728.0,AFR56LN,False,False,False,1000,4550.0,5025.0
1641061904,3946e9,43.89349985930879,1.2592424665178572,258.0,207.4586737115168,-1792.0,AFR56LN,False,False,False,1000,4525.0,4975.0
1641061905,3946e9,43.89253234863281,1.2585733103197676,258.0,207.4586737115168,-1792.0,AFR56LN,False,False,False,1000,4475.0,4950.0
1641061906,3946e9,43.8914794921875,1.2578706963117734,258.0,207.4586737115168,-1856.0,AFR56LN,False,False,False,1000,4450.0,4925.0
1641061907,3946e9,43.89028775489936,1.25701904296875,257.0,207.5613990735829,-1920.0,AFR56LN,False,False,False,1000,4425.0,4875.0
1641061908,3946e9,43.88937377929688,1.2563377202943316,257.0,207.5613990735829,-1920.0,AFR56LN,False,False,False,1000,4400.0,4850.0
1641061909,3946e9,43.88832092285156,1.2555712322856103,257.0,207.5613990735829,-1856.0,AFR56LN,False,False,False,1000,4375.0,4825.0
1641061910,3946e9,43.88693599377648,1.2545340401785714,257.0,207.5613990735829,-1856.0,AFR56LN,False,False,False,1000,4325.0,4775.0
1641061911,3946e9,43.885986328125,1.2539105082667152,257.0,207.5613990735829,-1920.0,AFR56LN,False,False,False,1000,4300.0,4750.0
1641061912,3946e9,43.88484114307468,1.2530299595424106,256.0,207.6648350666497,-1856.0,AFR56LN,False,False,False,1000,4275.0,4725.0
1641061913,3946e9,43.88365173339844,1.2521859102470931,256.0,207.466483813939,-1856.0,AFR56LN,False,False,False,1000,4225.0,4675.0
1641061914,3946e9,43.88269974013506,1.25152587890625,256.0,207.466483813939,-1920.0,AFR56LN,False,False,False,1000,4200.0,4650.0
1641061915,3946e9,43.88177490234375,1.2508445562318316,256.0,207.16498505733196,-1920.0,AFR56LN,False,False,False,1000,4175.0,4625.0
1641061916,3946e9,43.88053894042969,1.250014194222384,256.0,207.16498505733196,-1920.0,AFR56LN,False,False,False,1000,4150.0,4600.0
1641061917,3946e9,43.87985229492188,1.24950320221657,256.0,206.96571443287013,-1920.0,AFR56LN,False,False,False,1000,4125.0,4575.0
1641061918,3946e9,43.87869624768273,1.2487139020647322,256.0,206.96571443287013,-2048.0,AFR56LN,False,False,False,1000,4075.0,4525.0
1641061919,3946e9,43.87771865068856,1.2479945591517856,256.0,206.96571443287013,-2048.0,AFR56LN,False,False,False,1000,4050.0,4500.0
1641061920,3946e9,43.87651062011719,1.2471398641896805,255.0,206.76573609898935,-2240.0,AFR56LN,False,False,False,1000,4000.0,4450.0
1641061921,3946e9,43.87545776367188,1.246437250181686,255.0,206.76573609898935,-2176.0,AFR56LN,False,False,False,1000,3975.0,4400.0
1641061922,3946e9,43.8746337890625,1.2458623841751455,255.0,206.76573609898935,-2240.0,AFR56LN,False,False,False,1000,3925.0,4375.0
1641061923,3946e9,43.87366860599841,1.2451825823102678,255.0,206.76573609898935,-2240.0,AFR56LN,False,False,False,1000,3900.0,4350.0
1641061924,3946e9,43.8725979045286,1.2444632393973214,255.0,206.76573609898935,-2112.0,AFR56LN,False,False,False,1000,3875.0,4300.0
1641061925,3946e9,43.871429443359375,1.2436267941497094,255.0,206.76573609898935,-1600.0,AFR56LN,False,False,False,1000,3850.0,4275.0
1641061926,3946e9,43.8705030538268,1.2429591587611606,255.0,206.76573609898935,-1344.0,AFR56LN,False,False,False,1000,3825.0,4250.0
1641061927,3946e9,43.86943235235699,1.2422398158482142,254.0,206.867135088926,-1408.0,AFR56LN,False,False,False,1000,3800.0,4225.0
1641061928,3946e9,43.86798923298464,1.2411934988839286,254.0,206.867135088926,-1472.0,AFR56LN,False,False,False,1000,3775.0,4200.0
1641061929,3946e9,43.867384053893005,1.2408011300223214,254.0,206.9692475018373,-1472.0,AFR56LN,False,False,False,1000,3750.0,4175.0
1641061930,3946e9,43.86589438228284,1.2397548130580356,254.0,206.9692475018373,-1472.0,AFR56LN,False,False,False,1000,3725.0,4150.0
1641061931,3946e9,43.86482368081303,1.2390354701450892,253.0,207.0720802379928,-1536.0,AFR56LN,False,False,False,1000,3700.0,4150.0
1641061932,3946e9,43.86392211914063,1.2383891260901163,252.0,207.17564027679404,-1536.0,AFR56LN,False,False,False,1000,3675.0,4100.0
1641061933,3946e9,43.86277538234904,1.2375313895089286,252.0,207.17564027679404,-1408.0,AFR56LN,False,False,False,1000,3650.0,4075.0
1641061934,3946e9,43.86170468087924,1.2368120465959822,251.0,206.97284343364373,-1408.0,AFR56LN,False,False,False,1000,3600.0,4050.0
1641061935,3946e9,43.86072708388506,1.2360927036830356,250.0,207.07660704366504,-1536.0,AFR56LN,False,False,False,1000,3600.0,4025.0
1641061936,3946e9,43.85988914360434,1.235504150390625,250.0,207.07660704366504,-1280.0,AFR56LN,False,False,False,1000,3575.0,4000.0
1641061937,3946e9,43.85886499437235,1.2347848074776786,249.0,206.9765039210697,-896.0,AFR56LN,False,False,False,1000,3550.0,4000.0
1641061938,3946e9,43.85784084514036,1.2340654645647322,248.0,207.0812154068428,-896.0,AFR56LN,False,False,False,1000,3550.0,3975.0
1641061939,3946e9,43.85691833496094,1.2334069540334305,248.0,207.0812154068428,-960.0,AFR56LN,False,False,False,1000,3525.0,3950.0
1641061940,3946e9,43.85591125488281,1.232704340025436,247.0,206.98023071822288,-960.0,AFR56LN,False,False,False,1000,3525.0,3950.0
1641061941,3946e9,43.8548149496822,1.2319074358258928,246.0,207.08590755158,-1024.0,AFR56LN,False,False,False,1000,3500.0,3925.0
1641061943,3946e9,43.85284423828125,1.2305326240007268,245.0,206.98402564334071,-1024.0,AFR56LN,False,False,False,1000,3475.0,3900.0
1641061944,3946e9,43.851837158203125,1.2298300099927326,245.0,206.98402564334071,-1024.0,AFR56LN,False,False,False,1000,3450.0,3875.0
1641061945,3946e9,43.85057869604079,1.2289646693638392,244.0,207.0906857835356,-1024.0,AFR56LN,False,False,False,1000,3425.0,3850.0
1641061946,3946e9,43.84992696471133,1.2285069056919642,244.0,207.0906857835356,-1024.0,AFR56LN,False,False,False,1000,3400.0,3825.0
1641061947,3946e9,43.84849548339844,1.2274666719658431,242.0,207.30636000652828,-1024.0,AFR56LN,False,False,False,1000,3375.0,3825.0
1641061948,3946e9,43.84767150878906,1.2268918059593024,241.0,207.41538991942747,-960.0,AFR56LN,False,False,False,1000,3375.0,3800.0
1641061949,3946e9,43.84657520358845,1.2260872977120536,241.0,207.41538991942747,-1024.0,AFR56LN,False,False,False,1000,3350.0,3775.0
1641061950,3946e9,43.84559760659428,1.2253679547991072,240.0,207.313274418297,-1024.0,AFR56LN,False,False,False,1000,3325.0,3750.0
1641061951,3946e9,43.844620009600106,1.2247140066964286,239.0,207.4233507071095,-960.0,AFR56LN,False,False,False,1000,3325.0,3750.0
1641061952,3946e9,43.84424759169756,1.2244524274553572,239.0,207.4233507071095,-960.0,AFR56LN,False,False,False,1000,3300.0,3725.0
1641061953,3946e9,43.84295654296875,1.223506483920785,239.0,207.4233507071095,-960.0,AFR56LN,False,False,False,1000,3300.0,3725.0
1641061954,3946e9,43.842106188757946,1.2228829520089286,237.0,207.43146194818263,-1024.0,AFR56LN,False,False,False,1000,3275.0,3700.0
1641061955,3946e9,43.84112859176377,1.2221636090959822,237.0,207.43146194818263,-1024.0,AFR56LN,False,False,False,1000,3250.0,3675.0
1641061956,3946e9,43.83996478581832,1.2213134765625,236.0,207.5434418663331,-960.0,AFR56LN,False,False,False,1000,3225.0,3650.0
1641061957,3946e9,43.839111328125,1.2206960278888082,235.0,207.3274975311701,-960.0,AFR56LN,False,False,False,1000,3225.0,3650.0
1641061958,3946e9,43.83824235301907,1.2201363699776786,234.0,207.43972794819933,-960.0,AFR56LN,False,False,False,1000,3200.0,3625.0
1641061959,3946e9,43.83677673339844,1.2190353038699129,234.0,207.22233530044105,-960.0,AFR56LN,False,False,False,1000,3175.0,3625.0
1641061960,3946e9,43.83591474112818,1.2184361049107142,234.0,207.22233530044105,-960.0,AFR56LN,False,False,False,1000,3175.0,3600.0
1641061961,3946e9,43.83498369637182,1.2177821568080356,233.0,207.33481379842075,-1024.0,AFR56LN,False,False,False,1000,3150.0,3575.0
1641061962,3946e9,43.834006099377646,1.2170628138950892,232.0,207.44815317856472,-1024.0,AFR56LN,False,False,False,1000,3125.0,3550.0
1641061963,3946e9,43.83340092028602,1.2166704450334822,231.0,207.5623624650296,-960.0,AFR56LN,False,False,False,1000,3125.0,3550.0
1641061964,3946e9,43.83251642776748,1.2160164969308036,231.0,207.5623624650296,-960.0,AFR56LN,False,False,False,1000,3100.0,3525.0
1641061965,3946e9,43.8314208984375,1.215266737827035,230.0,207.45674228459987,-1088.0,AFR56LN,False,False,False,1000,3075.0,3500.0
1641061966,3946e9,43.83037502482786,1.2145124162946428,229.0,207.2351466993025,-1024.0,AFR56LN,False,False,False,1000,3075.0,3500.0
1641061967,3946e9,43.82949053230932,1.2138584681919642,229.0,207.2351466993025,-1024.0,AFR56LN,False,False,False,1000,3050.0,3475.0
1641061968,3946e9,43.828512935315146,1.2132045200892856,228.0,207.1267565096445,-960.0,AFR56LN,False,False,False,1000,3025.0,3450.0
1641061969,3946e9,43.827667236328125,1.2125840297965118,228.0,207.1267565096445,-960.0,AFR56LN,False,False,False,1000,3025.0,3450.0
1641061970,3946e9,43.8268370547537,1.2120274135044642,227.0,207.24174151735733,-960.0,AFR56LN,False,False,False,1000,3000.0,3425.0
1641061971,3946e9,43.82590600999735,1.2113734654017856,227.0,207.24174151735733,-960.0,AFR56LN,False,False,False,1000,3000.0,3425.0
1641061972,3946e9,43.82497496524099,1.2106541224888392,226.0,207.13231758693595,-960.0,AFR56LN,False,False,False,1000,2975.0,3400.0
1641061973,3946e9,43.82404392048464,1.2100001743861606,226.0,207.13231758693595,-960.0,AFR56LN,False,False,False,1000,2950.0,3375.0
1641061974,3946e9,43.82359313964844,1.2097096997638082,226.0,207.13231758693595,-960.0,AFR56LN,False,False,False,1000,2925.0,3375.0
1641061975,3946e9,43.82218183097193,1.2086922781808036,225.0,207.02158159117704,-832.0,AFR56LN,False,False,False,1000,2925.0,3325.0
1641061976,3946e9,43.82092492055085,1.2078421456473214,225.0,207.02158159117704,-832.0,AFR56LN,False,False,False,1000,2900.0,3350.0
1641061977,3946e9,43.8204345703125,1.207474109738372,223.0,206.90951063130785,-640.0,AFR56LN,False,False,False,1000,2900.0,3300.0
1641061978,3946e9,43.81951904296875,1.2068353697311047,223.0,206.90951063130785,-640.0,AFR56LN,False,False,False,1000,2900.0,3325.0
1641061979,3946e9,43.818131786281775,1.2058803013392856,221.0,206.9129969777437,-704.0,AFR56LN,False,False,False,1000,2875.0,3300.0
1641061980,3946e9,43.81743350271451,1.2054225376674106,220.0,206.68126963739053,-640.0,AFR56LN,False,False,False,1000,2875.0,3275.0
1641061981,3946e9,43.81743350271451,1.2054225376674106,220.0,206.7984339169299,-640.0,AFR56LN,False,False,False,1000,2875.0,3300.0
1641061982,3946e9,43.815617965439614,1.2041146414620536,219.0,206.91655461695132,-704.0,AFR56LN,False,False,False,1000,2850.0,3250.0
1641061983,3946e9,43.81454726396981,1.2033952985491072,219.0,206.91655461695132,-768.0,AFR56LN,False,False,False,1000,2825.0,3225.0
1641061984,3946e9,43.81407165527344,1.2030668036882268,218.0,207.0356424799732,-704.0,AFR56LN,False,False,False,1000,2825.0,3225.0
1641061985,3946e9,43.81310414459745,1.2023489815848214,218.0,207.0356424799732,-704.0,AFR56LN,False,False,False,1000,2800.0,3250.0
1641061986,3946e9,43.81254551774365,1.2019566127232142,216.0,206.92018575830608,-704.0,AFR56LN,False,False,False,1000,2800.0,3225.0
1641061987,3946e9,43.81254551774365,1.2019566127232142,215.0,206.80328589358925,-704.0,AFR56LN,False,False,False,1000,2800.0,3200.0
1641061988,3946e9,43.81050109863281,1.200575717659884,214.0,206.92389270342676,-704.0,AFR56LN,False,False,False,1000,2775.0,3175.0
1641061989,3946e9,43.80924030885858,1.1996677943638392,214.0,206.6849166497244,-704.0,AFR56LN,False,False,False,1000,2750.0,3175.0
1641061990,3946e9,43.80839538574219,1.199106615643169,213.0,205.8443875545603,-704.0,AFR56LN,False,False,False,1000,2750.0,3150.0
1641061991,3946e9,43.80793684619968,1.1988176618303572,213.0,205.8443875545603,-704.0,AFR56LN,False,False,False,1000,2750.0,3150.0
1641061992,3946e9,43.80693054199219,1.198276253633721,213.0,204.7563118545859,-704.0,AFR56LN,False,False,False,1000,2725.0,3150.0
1641061993,3946e9,43.80693054199219,1.198276253633721,211.0,200.2382682255671,-576.0,AFR56LN,False,False,False,1000,2725.0,3125.0
1641061994,3946e9,43.80495750297934,1.1973789760044642,211.0,200.2382682255671,-576.0,AFR56LN,False,False,False,1000,2700.0,3100.0
1641061995,3946e9,43.803955078125,1.1970626476199129,211.0,194.3002774491856,-576.0,AFR56LN,False,False,False,1000,2700.0,3100.0
1641061996,3946e9,43.80309541346663,1.1968558175223214,211.0,194.3002774491856,-576.0,AFR56LN,False,False,False,1000,2700.0,3100.0
1641061997,3946e9,43.80221557617188,1.1967432776162792,210.0,187.9371880006229,-384.0,AFR56LN,False,False,False,1000,2675.0,3075.0
1641061998,3946e9,43.80084228515625,1.196551655614099,210.0,184.65018484988624,-256.0,AFR56LN,False,False,False,1000,2675.0,3075.0
1641061999,3946e9,43.8003953836732,1.1965288434709822,210.0,184.65018484988624,-256.0,AFR56LN,False,False,False,1000,2675.0,3075.0
1641062000,3946e9,43.7999267578125,1.196551655614099,209.0,181.64440326469503,-192.0,AFR56LN,False,False,False,1000,2675.0,3075.0
1641062001,3946e9,43.798114324020126,1.1967904227120536,209.0,181.64440326469503,-192.0,AFR56LN,False,False,False,1000,2675.0,3075.0
1641062002,3946e9,43.79718327926377,1.1969212123325892,207.0,172.77181009002214,0.0,AFR56LN,False,False,False,1000,2675.0,3075.0
1641062003,3946e9,43.79643844345868,1.1971173967633928,207.0,172.77181009002214,0.0,AFR56LN,False,False,False,1000,2675.0,3075.0
1641062004,3946e9,43.79539489746094,1.1973820176235466,205.0,168.47096427464572,-64.0,AFR56LN,False,False,False,1000,2675.0,3075.0
1641062005,3946e9,43.79447937011719,1.1977013876271805,204.0,166.711345865238,-64.0,AFR56LN,False,False,False,1000,2675.0,3075.0
1641062006,3946e9,43.79350565247616,1.1980983189174106,204.0,164.94194253027297,0.0,AFR56LN,False,False,False,1000,2675.0,3075.0
1641062007,3946e9,43.79246520996094,1.1984678756359013,203.0,163.43563258728156,-64.0,AFR56LN,False,False,False,1000,2675.0,3075.0
1641062008,3946e9,43.791595458984375,1.1988511196402618,202.0,161.83404347077447,-128.0,AFR56LN,False,False,False,1000,2675.0,3075.0
1641062009,3946e9,43.79085217492055,1.1992754255022322,201.0,160.5757404411149,-128.0,AFR56LN,False,False,False,1000,2675.0,3075.0
1641062010,3946e9,43.7899211301642,1.1997331891741072,201.0,159.31047621114297,0.0,AFR56LN,False,False,False,1000,2675.0,3075.0
1641062011,3946e9,43.78908318988347,1.2001909528459822,201.0,158.03943597990352,0.0,AFR56LN,False,False,False,1000,2675.0,3075.0
1641062012,3946e9,43.78824524960275,1.200714111328125,201.0,157.13866001630632,0.0,AFR56LN,False,False,False,1000,2675.0,3075.0
1641062013,3946e9,43.787360757084215,1.2012372698102678,200.0,156.1247191460725,0.0,AFR56LN,False,False,False,1000,2675.0,3075.0
1641062014,3946e9,43.786651611328125,1.2017254496729652,199.0,155.365536264089,0.0,AFR56LN,False,False,False,1000,2675.0,3075.0
1641062015,3946e9,43.78582763671875,1.2022364416787792,199.0,155.365536264089,0.0,AFR56LN,False,False,False,1000,2675.0,3075.0
1641062016,3946e9,43.78495788574219,1.20281130768532,199.0,153.8203406306551,64.0,AFR56LN,False,False,False,1000,2675.0,3075.0
1641062017,3946e9,43.78413391113281,1.2033861736918603,199.0,153.8203406306551,64.0,AFR56LN,False,False,False,1000,2675.0,3075.0
1641062018,3946e9,43.78335571289063,1.2039610396984013,198.0,152.26845387492287,0.0,AFR56LN,False,False,False,1000,2675.0,3075.0
1641062019,3946e9,43.78221130371094,1.204791401707849,198.0,151.62075691389205,0.0,AFR56LN,False,False,False,1000,2675.0,3075.0
1641062020,3946e9,43.78149517511917,1.2053571428571428,198.0,150.97352342910662,0.0,AFR56LN,False,False,False,1000,2675.0,3075.0
1641062021,3946e9,43.78111267089844,1.2056856377180234,198.0,150.97352342910662,0.0,AFR56LN,False,False,False,1000,2675.0,3075.0
1641062022,3946e9,43.78028481693591,1.2063380650111606,198.0,149.93141717813754,-64.0,AFR56LN,False,False,False,1000,2675.0,3075.0
1641062023,3946e9,43.77937316894531,1.2070908657340118,196.0,149.38651897883412,0.0,AFR56LN,False,False,False,1000,2675.0,3075.0
1641062024,3946e9,43.77865548861229,1.2076459612165178,196.0,149.38651897883412,0.0,AFR56LN,False,False,False,1000,2675.0,3075.0
1641062025,3946e9,43.7779106528072,1.2082999093191964,197.0,148.73626830562256,0.0,AFR56LN,False,False,False,1000,2675.0,3075.0
1641062026,3946e9,43.7771192647643,1.208953857421875,197.0,148.73626830562256,0.0,AFR56LN,False,False,False,1000,2675.0,3075.0
1641062027,3946e9,43.776123046875,1.2098374477652618,197.0,148.08722842383668,0.0,AFR56LN,False,False,False,1000,2675.0,3075.0
1641062028,3946e9,43.77552795410156,1.2103484397710758,196.0,147.6854142916588,0.0,AFR56LN,False,False,False,1000,2675.0,3075.0
1641062029,3946e9,43.77456665039063,1.2111788017805234,196.0,147.28232758136068,0.0,AFR56LN,False,False,False,1000,2675.0,3075.0
1641062030,3946e9,43.77390716035488,1.2118312290736606,196.0,146.63363399894044,0.0,AFR56LN,False,False,False,1000,2675.0,3075.0
1641062031,3946e9,43.77348819021451,1.2122235979352678,196.0,146.63363399894044,0.0,AFR56LN,False,False,False,1000,2675.0,3075.0
1641062032,3946e9,43.77255714545816,1.21307373046875,196.0,146.22889182153872,0.0,AFR56LN,False,False,False,1000,2675.0,3075.0
1641062033,3946e9,43.77148644398834,1.2140546526227678,196.0,146.22889182153872,0.0,AFR56LN,False,False,False,1000,2675.0,3075.0
1641062034,3946e9,43.77067565917969,1.214755745821221,197.0,145.98668750008935,0.0,AFR56LN,False,False,False,1000,2675.0,3075.0
1641062035,3946e9,43.77021789550781,1.2152028638263082,196.0,145.82301122620711,0.0,AFR56LN,False,False,False,1000,2675.0,3075.0
1641062036,3946e9,43.76939159328654,1.2160164969308036,196.0,145.5816355209438,0.0,AFR56LN,False,False,False,1000,2675.0,3075.0
1641062037,3946e9,43.76864675748146,1.21673583984375,196.0,145.1755108430432,0.0,AFR56LN,False,False,False,1000,2675.0,3075.0
1641062038,3946e9,43.76802062988281,1.2173745798510176,196.0,145.1755108430432,-64.0,AFR56LN,False,False,False,1000,2675.0,3075.0
1641062039,3946e9,43.76724243164063,1.2180771938590118,196.0,144.76835016763567,0.0,AFR56LN,False,False,False,1000,2675.0,3075.0
1641062040,3946e9,43.766510009765625,1.2188436818677326,196.0,144.76835016763567,0.0,AFR56LN,False,False,False,1000,2675.0,3075.0
1641062041,3946e9,43.76577758789063,1.2195462958757268,196.0,144.53012783259993,0.0,AFR56LN,False,False,False,1000,2675.0,3075.0
1641062042,3946e9,43.76506223516949,1.2202017647879464,196.0,144.53012783259993,0.0,AFR56LN,False,False,False,1000,2675.0,3075.0
1641062043,3946e9,43.764404296875,1.2208876498909884,196.0,144.53012783259993,-64.0,AFR56LN,False,False,False,1000,2675.0,3075.0
1641062044,3946e9,43.76366566803495,1.2216404506138392,196.0,144.53012783259993,-64.0,AFR56LN,False,False,False,1000,2675.0,3075.0
1641062045,3946e9,43.76280212402344,1.222484499909157,196.0,144.12289620537848,0.0,AFR56LN,False,False,False,1000,2675.0,3075.0
1641062046,3946e9,43.76206970214844,1.2231871139171513,196.0,144.12289620537848,0.0,AFR56LN,False,False,False,1000,2675.0,3075.0
1641062047,3946e9,43.7614311606197,1.2238638741629464,196.0,144.12289620537848,0.0,AFR56LN,False,False,False,1000,2675.0,3075.0
1641062048,3946e9,43.76046752929688,1.2248478379360466,196.0,144.12289620537848,0.0,AFR56LN,False,False,False,1000,2675.0,3075.0
1641062049,3946e9,43.75973510742188,1.2255504519440408,195.0,143.95107064167976,64.0,AFR56LN,False,False,False,1000,2675.0,3075.0
1641062050,3946e9,43.75910354872881,1.2262180873325892,195.0,143.95107064167976,0.0,AFR56LN,False,False,False,1000,2675.0,3075.0
1641062051,3946e9,43.75872802734375,1.226572435955669,195.0,143.95107064167976,0.0,AFR56LN,False,False,False,1000,2675.0,3075.0
1641062052,3946e9,43.75789319054555,1.2273951939174106,196.0,143.71473287486117,0.0,AFR56LN,False,False,False,1000,2675.0,3075.0
1641062053,3946e9,43.75680541992188,1.228488655977471,196.0,143.71473287486117,0.0,AFR56LN,False,False,False,1000,2675.0,3075.0
1641062054,3946e9,43.7564500711732,1.2288338797433036,196.0,143.71473287486117,0.0,AFR56LN,False,False,False,1000,2675.0,3075.0
1641062055,3946e9,43.75575256347656,1.229510639989099,196.0,143.71473287486117,0.0,AFR56LN,False,False,False,1000,2675.0,3075.0
1641062056,3946e9,43.75496039956303,1.2303379603794642,195.0,143.95107064167976,0.0,AFR56LN,False,False,False,1000,2675.0,3075.0
1641062057,3946e9,43.75419616699219,1.2311074900072676,196.0,143.71473287486117,0.0,AFR56LN,False,False,False,1000,2675.0,3075.0
1641062058,3946e9,43.75341796875,1.2318739780159884,196.0,143.71473287486117,0.0,AFR56LN,False,False,False,1000,2675.0,3075.0
1641062059,3946e9,43.75241088867188,1.2328959620276163,195.0,143.95107064167976,0.0,AFR56LN,False,False,False,1000,2675.0,3075.0
1641062060,3946e9,43.75167846679688,1.2336624500363371,196.0,143.71473287486117,-128.0,AFR56LN,False,False,False,1000,2675.0,3075.0
1641062061,3946e9,43.751220703125,1.2341095680414245,197.0,143.47981792685007,-128.0,AFR56LN,False,False,False,1000,2650.0,3075.0
1641062062,3946e9,43.7504448324947,1.2349155970982142,196.0,143.07175636667336,-256.0,AFR56LN,False,False,False,1000,2650.0,3050.0
1641062063,3946e9,43.74952697753906,1.2358980400617734,196.0,143.07175636667336,-256.0,AFR56LN,False,False,False,1000,2650.0,3050.0
1641062064,3946e9,43.74906921386719,1.2364090320675871,198.0,143.0142364261275,-704.0,AFR56LN,False,False,False,1000,2625.0,3025.0
1641062065,3946e9,43.74801635742188,1.2374310160792152,198.0,143.0142364261275,-768.0,AFR56LN,False,False,False,1000,2600.0,3000.0
1641062066,3946e9,43.74737238479873,1.2381199428013392,198.0,143.0142364261275,-960.0,AFR56LN,False,False,False,1000,2600.0,3000.0
1641062067,3946e9,43.74655151367188,1.238963992096657,198.0,142.7835595264654,-1088.0,AFR56LN,False,False,False,1000,2575.0,2975.0
1641062068,3946e9,43.746208578853285,1.2393624441964286,198.0,142.7835595264654,-1088.0,AFR56LN,False,False,False,1000,2550.0,2950.0
1641062069,3946e9,43.74540710449219,1.2401775981104652,196.0,143.07175636667336,-256.0,AFR56LN,False,False,False,1000,2550.0,2950.0
1641062070,3946e9,43.74476545948093,1.2408665248325892,198.0,142.7835595264654,-1024.0,AFR56LN,False,False,False,1000,2525.0,2925.0
1641062071,3946e9,43.743834414724574,1.2417820521763392,198.0,142.7835595264654,-960.0,AFR56LN,False,False,False,1000,2525.0,2925.0
1641062072,3946e9,43.7427978515625,1.2429241801417152,198.0,142.7835595264654,-960.0,AFR56LN,False,False,False,1000,2500.0,2900.0
1641062073,3946e9,43.74247741699219,1.243243550145349,198.0,142.7835595264654,-832.0,AFR56LN,False,False,False,1000,2475.0,2875.0
1641062074,3946e9,43.74164645954714,1.2441362653459822,198.0,142.7835595264654,-832.0,AFR56LN,False,False,False,1000,2475.0,2875.0
1641062075,3946e9,43.74087524414063,1.244968148164971,198.0,142.7835595264654,-896.0,AFR56LN,False,False,False,1000,2450.0,2850.0
1641062076,3946e9,43.74006368346133,1.2457711356026786,198.0,142.6081916727875,-832.0,AFR56LN,False,False,False,1000,2425.0,2825.0
1641062077,3946e9,43.73941040039063,1.2465011241824129,198.0,142.7835595264654,-896.0,AFR56LN,False,False,False,1000,2425.0,2825.0
1641062078,3946e9,43.73862056408898,1.2473406110491072,198.0,142.7835595264654,-960.0,AFR56LN,False,False,False,1000,2400.0,2800.0
1641062079,3946e9,43.73792228052172,1.2480599539620536,198.0,142.7835595264654,-960.0,AFR56LN,False,False,False,1000,2400.0,2800.0
1641062080,3946e9,43.73707580566406,1.2489283362100292,198.0,142.7835595264654,-960.0,AFR56LN,False,False,False,1000,2375.0,2775.0
1641062081,3946e9,43.73634338378906,1.24969482421875,198.0,142.7835595264654,-896.0,AFR56LN,False,False,False,1000,2350.0,2750.0
1641062082,3946e9,43.73561096191406,1.250461312227471,198.0,143.0142364261275,-960.0,AFR56LN,False,False,False,1000,2350.0,2750.0
1641062083,3946e9,43.73501586914063,1.2510361782340118,199.0,143.18780201190452,-1024.0,AFR56LN,False,False,False,1000,2325.0,2725.0
1641062084,3946e9,43.73419810149629,1.2519182477678572,199.0,143.18780201190452,-1024.0,AFR56LN,False,False,False,1000,2300.0,2700.0
1641062085,3946e9,43.73341369628906,1.252696902252907,199.0,143.18780201190452,-960.0,AFR56LN,False,False,False,1000,2300.0,2700.0
1641062086,3946e9,43.732754982123936,1.25335693359375,198.0,143.41947251759655,-896.0,AFR56LN,False,False,False,1000,2275.0,2675.0
1641062087,3946e9,43.73190307617188,1.254229878270349,199.0,143.18780201190452,-896.0,AFR56LN,False,False,False,1000,2250.0,2650.0
1641062088,3946e9,43.73121643066406,1.25499636627907,199.0,143.18780201190452,-960.0,AFR56LN,False,False,False,1000,2250.0,2650.0
1641062089,3946e9,43.7305670269465,1.255645751953125,199.0,143.18780201190452,-1024.0,AFR56LN,False,False,False,1000,2225.0,2625.0
1641062090,3946e9,43.7297756389036,1.2564304896763392,199.0,143.18780201190452,-1216.0,AFR56LN,False,False,False,1000,2200.0,2600.0
1641062091,3946e9,43.72903080309852,1.2572152273995536,199.0,143.18780201190452,-1280.0,AFR56LN,False,False,False,1000,2175.0,2575.0
1641062092,3946e9,43.728424072265625,1.2578706963117734,198.0,143.41947251759655,-1280.0,AFR56LN,False,False,False,1000,2175.0,2575.0
1641062093,3946e9,43.72764587402344,1.2586371843204942,199.0,143.18780201190452,-1024.0,AFR56LN,False,False,False,1000,2150.0,2550.0
1641062094,3946e9,43.726982504634535,1.259307861328125,198.0,143.0142364261275,-896.0,AFR56LN,False,False,False,1000,2150.0,2550.0
1641062095,3946e9,43.72636413574219,1.259978538335756,198.0,143.0142364261275,-896.0,AFR56LN,False,False,False,1000,2125.0,2525.0
1641062096,3946e9,43.72531127929688,1.2610643963481103,197.0,142.83926333180543,-640.0,AFR56LN,False,False,False,1000,2100.0,2500.0
1641062097,3946e9,43.72489929199219,1.261511514353198,197.0,142.83926333180543,-640.0,AFR56LN,False,False,False,1000,2100.0,2500.0
1641062098,3946e9,43.72389221191406,1.2625334983648258,196.0,142.6628688418387,-768.0,AFR56LN,False,False,False,1000,2075.0,2500.0
1641062099,3946e9,43.723480224609375,1.2629806163699129,196.0,142.6628688418387,-768.0,AFR56LN,False,False,False,1000,2075.0,2475.0
1641062100,3946e9,43.72265314651748,1.263885498046875,196.0,142.89576509429378,-1088.0,AFR56LN,False,False,False,1000,2050.0,2450.0
1641062101,3946e9,43.72195486295021,1.2646048409598214,196.0,142.89576509429378,-1088.0,AFR56LN,False,False,False,1000,2025.0,2425.0
1641062102,3946e9,43.72100830078125,1.2655994503997094,195.0,142.71833279400758,-1152.0,AFR56LN,False,False,False,1000,2000.0,2400.0
1641062103,3946e9,43.720550537109375,1.2660465684047966,195.0,142.71833279400758,-1152.0,AFR56LN,False,False,False,1000,2000.0,2400.0
1641062104,3946e9,43.71986389160156,1.2668130564135176,195.0,142.71833279400758,-1216.0,AFR56LN,False,False,False,1000,1975.0,2375.0
1641062105,3946e9,43.71885681152344,1.2678350404251455,195.0,142.71833279400758,-1216.0,AFR56LN,False,False,False,1000,1950.0,2350.0
1641062106,3946e9,43.71812438964844,1.2686015284338663,195.0,142.71833279400758,-1216.0,AFR56LN,False,False,False,1000,1925.0,2325.0
1641062107,3946e9,43.71757507324219,1.269240268441134,195.0,142.71833279400758,-1152.0,AFR56LN,False,False,False,1000,1925.0,2325.0
1641062108,3946e9,43.71678756455243,1.2700326102120536,195.0,142.71833279400758,-1152.0,AFR56LN,False,False,False,1000,1900.0,2300.0
1641062109,3946e9,43.71604272874735,1.2708173479352678,195.0,142.71833279400758,-1152.0,AFR56LN,False,False,False,1000,1875.0,2275.0
1641062110,3946e9,43.71534444518008,1.2715366908482142,195.0,142.71833279400758,-1152.0,AFR56LN,False,False,False,1000,1850.0,2250.0
1641062111,3946e9,43.71492547503972,1.2719944545200892,195.0,142.71833279400758,-1152.0,AFR56LN,False,False,False,1000,1825.0,2225.0
1641062112,3946e9,43.71390132580773,1.273040771484375,194.0,142.5394451395093,-1152.0,AFR56LN,False,False,False,1000,1825.0,2200.0
1641062113,3946e9,43.71327209472656,1.273711448492006,194.0,142.5394451395093,-1152.0,AFR56LN,False,False,False,1000,1800.0,2200.0
1641062114,3946e9,43.7125047586732,1.2745448521205356,193.0,142.77460052838669,-1152.0,AFR56LN,False,False,False,1000,1775.0,2175.0
1641062115,3946e9,43.71171569824219,1.2753721725109013,193.0,142.59464336859145,-1152.0,AFR56LN,False,False,False,1000,1750.0,2150.0
1641062116,3946e9,43.711029052734375,1.2760747865188955,191.0,142.6506509553594,-1088.0,AFR56LN,False,False,False,1000,1750.0,2150.0
1641062117,3946e9,43.710270251257946,1.2768990652901786,190.0,142.707485722965,-1024.0,AFR56LN,False,False,False,1000,1725.0,2100.0
1641062118,3946e9,43.70960998535156,1.2775438885356103,189.0,142.94840387389175,-960.0,AFR56LN,False,False,False,1000,1725.0,2100.0
1641062119,3946e9,43.70892333984375,1.2783103765443316,188.0,143.0080667995852,-896.0,AFR56LN,False,False,False,1000,1700.0,2075.0
1641062120,3946e9,43.70851135253906,1.278693620548692,188.0,143.0080667995852,-896.0,AFR56LN,False,False,False,1000,1700.0,2075.0
1641062121,3946e9,43.707550048828125,1.27971560456032,186.0,143.06862621947153,-1024.0,AFR56LN,False,False,False,1000,1675.0,2050.0
1641062122,3946e9,43.70691849013506,1.280364990234375,185.0,143.13010235415598,-1152.0,AFR56LN,False,False,False,1000,1650.0,2025.0
1641062123,3946e9,43.70622020656779,1.2810843331473214,184.0,142.9434718105904,-1152.0,AFR56LN,False,False,False,1000,1625.0,2000.0
1641062124,3946e9,43.70556847523834,1.28173828125,184.0,143.192516032642,-1152.0,AFR56LN,False,False,False,1000,1625.0,2000.0
1641062125,3946e9,43.70487019167108,1.2824576241629464,183.0,143.00472885729286,-1152.0,AFR56LN,False,False,False,1000,1600.0,1975.0
1641062126,3946e9,43.70429992675781,1.2831009265988371,182.0,142.81529354676687,-1152.0,AFR56LN,False,False,False,1000,1575.0,1950.0
1641062127,3946e9,43.70365905761719,1.2838035406068316,182.0,142.81529354676687,-1152.0,AFR56LN,False,False,False,1000,1550.0,1925.0
1641062128,3946e9,43.70291499768273,1.2845502580915178,180.0,142.43140797117252,-1024.0,AFR56LN,False,False,False,1000,1550.0,1925.0
1641062129,3946e9,43.70228576660156,1.28520876862282,180.0,142.43140797117252,-1024.0,AFR56LN,False,False,False,1000,1525.0,1900.0
1641062130,3946e9,43.701983952926376,1.2855311802455356,180.0,142.68398182973397,-1024.0,AFR56LN,False,False,False,1000,1500.0,1900.0
1641062131,3946e9,43.70077359474311,1.286773681640625,178.0,142.54942176826327,-960.0,AFR56LN,False,False,False,1000,1500.0,1875.0
1641062132,3946e9,43.70012186341366,1.2874930245535714,178.0,142.54942176826327,-960.0,AFR56LN,False,False,False,1000,1475.0,1850.0
1641062133,3946e9,43.69944763183594,1.2882108466569768,176.0,142.60983715755196,-896.0,AFR56LN,False,False,False,1000,1450.0,1850.0
1641062134,3946e9,43.69914426641949,1.2885393415178572,176.0,142.86907555179053,-768.0,AFR56LN,False,False,False,1000,1450.0,1825.0
1641062135,3946e9,43.69853210449219,1.289168956667878,176.0,142.86907555179053,-768.0,AFR56LN,False,False,False,1000,1450.0,1825.0
1641062136,3946e9,43.69789123535156,1.2898076966751455,173.0,142.73359809902286,-704.0,AFR56LN,False,False,False,1000,1450.0,1800.0
1641062137,3946e9,43.69695631124205,1.2907627650669642,172.0,142.7969911102346,-768.0,AFR56LN,False,False,False,1000,1425.0,1775.0
1641062138,3946e9,43.696537341101696,1.2912205287388392,172.0,142.7969911102346,-768.0,AFR56LN,False,False,False,1000,1400.0,1750.0
1641062139,3946e9,43.69587707519531,1.291915538699128,170.0,143.13010235415598,-896.0,AFR56LN,False,False,False,1000,1375.0,1725.0
1641062140,3946e9,43.69514465332031,1.292682026707849,169.0,142.92692668268958,-896.0,AFR56LN,False,False,False,1000,1375.0,1725.0
1641062141,3946e9,43.69450378417969,1.2933846407158431,169.0,143.1980688460163,-896.0,AFR56LN,False,False,False,1000,1350.0,1700.0
1641062142,3946e9,43.6942097292108,1.29364013671875,168.0,142.9935214936398,-832.0,AFR56LN,False,False,False,1000,1350.0,1700.0
1641062143,3946e9,43.69323213221663,1.2946864536830356,166.0,143.06123726771017,-832.0,AFR56LN,False,False,False,1000,1325.0,1675.0
1641062144,3946e9,43.69258040088718,1.2953404017857142,166.0,143.06123726771017,-832.0,AFR56LN,False,False,False,1000,1300.0,1675.0
1641062145,3946e9,43.69197522179555,1.295928955078125,165.0,143.13010235415598,-832.0,AFR56LN,False,False,False,1000,1300.0,1650.0
1641062146,3946e9,43.691436767578125,1.2965144667514537,164.0,143.2001460594988,-768.0,AFR56LN,False,False,False,1000,1275.0,1625.0
1641062147,3946e9,43.69084167480469,1.297153206758721,164.0,143.2001460594988,-768.0,AFR56LN,False,False,False,1000,1275.0,1625.0
1641062148,3946e9,43.69047546386719,1.2975364507630816,162.0,143.27139868797445,-768.0,AFR56LN,False,False,False,1000,1275.0,1625.0
1641062149,3946e9,43.68988037109375,1.298111316769622,161.0,143.05910390287096,-704.0,AFR56LN,False,False,False,1000,1250.0,1600.0
1641062150,3946e9,43.68913553528866,1.2989371163504464,161.0,142.8446960995296,-704.0,AFR56LN,False,False,False,1000,1225.0,1600.0
1641062151,3946e9,43.68846130371094,1.2995804187863371,160.0,143.13010235415598,-704.0,AFR56LN,False,False,False,1000,1225.0,1575.0
1641062152,3946e9,43.6879251771054,1.3001796177455356,160.0,143.13010235415598,-704.0,AFR56LN,False,False,False,1000,1200.0,1575.0
1641062153,3946e9,43.68736655025159,1.3007681710379464,158.0,142.6960517220166,-704.0,AFR56LN,False,False,False,1000,1200.0,1550.0
1641062154,3946e9,43.68672180175781,1.3014327648074129,157.0,142.76516601842533,-704.0,AFR56LN,False,False,False,1000,1200.0,1550.0
1641062155,3946e9,43.686202744306144,1.3020106724330356,156.0,142.54322629039893,-704.0,AFR56LN,False,False,False,1000,1175.0,1550.0
1641062156,3946e9,43.68571472167969,1.3025186228197676,156.0,142.83552510648855,-704.0,AFR56LN,False,False,False,1000,1175.0,1525.0
1641062157,3946e9,43.68517859507415,1.3030569893973214,155.0,142.6119375967149,-704.0,AFR56LN,False,False,False,1000,1150.0,1500.0
1641062158,3946e9,43.68461996822034,1.3036455426897322,153.0,142.68190461625147,-640.0,AFR56LN,False,False,False,1000,1150.0,1500.0
1641062159,3946e9,43.68406134136652,1.3042340959821428,153.0,142.68190461625147,-640.0,AFR56LN,False,False,False,1000,1125.0,1475.0
1641062160,3946e9,43.68342590332031,1.304881960846657,152.0,142.75316187455886,-640.0,AFR56LN,False,False,False,1000,1125.0,1475.0
1641062161,3946e9,43.68287658691406,1.305456826853198,152.0,142.75316187455886,-640.0,AFR56LN,False,False,False,1000,1100.0,1475.0
1641062162,3946e9,43.68232727050781,1.3060316928597384,151.0,142.82574516640892,-640.0,AFR56LN,False,False,False,1000,1100.0,1450.0
1641062163,3946e9,43.68177795410156,1.3066065588662792,149.0,142.89969161426524,-704.0,AFR56LN,False,False,False,1000,1075.0,1425.0
1641062164,3946e9,43.68122863769531,1.30718142487282,149.0,142.89969161426524,-704.0,AFR56LN,False,False,False,1000,1075.0,1425.0
1641062165,3946e9,43.68067932128906,1.3077562908793603,148.0,142.9750397299929,-704.0,AFR56LN,False,False,False,1000,1050.0,1400.0
1641062166,3946e9,43.68010440115201,1.3083539690290178,147.0,142.7403411588379,-704.0,AFR56LN,False,False,False,1000,1050.0,1400.0
1641062167,3946e9,43.6795457742982,1.3089425223214286,146.0,143.05182948001703,-704.0,AFR56LN,False,False,False,1000,1025.0,1375.0
1641062168,3946e9,43.67898714744438,1.3095310756138392,146.0,143.05182948001703,-704.0,AFR56LN,False,False,False,1000,1025.0,1375.0
1641062169,3946e9,43.67847507282839,1.3100542340959822,146.0,142.81529354676687,-704.0,AFR56LN,False,False,False,1000,1000.0,1375.0
1641062170,3946e9,43.67788696289063,1.3106944949127908,144.0,142.8917024282357,-704.0,AFR56LN,False,False,False,1000,1000.0,1350.0
1641062171,3946e9,43.67740437135858,1.3111659458705356,143.0,142.6506509553594,-704.0,AFR56LN,False,False,False,1000,1000.0,1350.0
1641062172,3946e9,43.67689229674258,1.3116891043526786,143.0,142.96961039432136,-704.0,AFR56LN,False,False,False,1000,975.0,1325.0
1641062173,3946e9,43.67619323730469,1.3124190929324129,142.0,142.72661761909723,-704.0,AFR56LN,False,False,False,1000,975.0,1325.0
1641062174,3946e9,43.67572849079714,1.3129316057477678,142.0,142.72661761909723,-704.0,AFR56LN,False,False,False,1000,950.0,1300.0
1641062175,3946e9,43.67521641618114,1.3134547642299106,141.0,142.80409859194393,-704.0,AFR56LN,False,False,False,1000,950.0,1300.0
1641062176,3946e9,43.67463684082031,1.3140798169513082,141.0,142.80409859194393,-704.0,AFR56LN,False,False,False,1000,925.0,1275.0
1641062177,3946e9,43.67437847590042,1.3143048967633928,141.0,142.80409859194393,-704.0,AFR56LN,False,False,False,1000,925.0,1275.0
1641062178,3946e9,43.67381286621094,1.314910178960756,139.0,142.88313931672974,-704.0,AFR56LN,False,False,False,1000,900.0,1250.0
1641062179,3946e9,43.67330932617188,1.31542117096657,139.0,142.88313931672974,-768.0,AFR56LN,False,False,False,1000,900.0,1250.0
1641062180,3946e9,43.6727491475768,1.3160051618303572,138.0,142.6333305872313,-768.0,AFR56LN,False,False,False,1000,875.0,1225.0
1641062181,3946e9,43.67233017743644,1.3164629255022322,138.0,142.6333305872313,-768.0,AFR56LN,False,False,False,1000,875.0,1225.0
1641062182,3946e9,43.67189025878906,1.3169541469840118,137.0,142.71189241265887,-704.0,AFR56LN,False,False,False,1000,850.0,1200.0
1641062183,3946e9,43.67111206054688,1.3177845089934594,136.0,142.45705514023533,-768.0,AFR56LN,False,False,False,1000,850.0,1200.0
1641062184,3946e9,43.67084050582627,1.3180324009486606,136.0,142.45705514023533,-768.0,AFR56LN,False,False,False,1000,825.0,1175.0
1641062185,3946e9,43.67018877449682,1.3187517438616072,135.0,142.19923363836767,-768.0,AFR56LN,False,False,False,1000,825.0,1175.0
1641062186,3946e9,43.66969299316406,1.3192536110101745,135.0,141.93838580533625,-768.0,AFR56LN,False,False,False,1000,800.0,1125.0
1641062187,3946e9,43.66925772974047,1.319732666015625,134.0,142.27500495788925,-640.0,AFR56LN,False,False,False,1000,800.0,1150.0
1641062188,3946e9,43.66879220736229,1.3202558244977678,134.0,142.27500495788925,-640.0,AFR56LN,False,False,False,1000,800.0,1125.0
1641062189,3946e9,43.66822814941406,1.3208504610283431,133.0,142.35237935989235,-640.0,AFR56LN,False,False,False,1000,775.0,1125.0
1641062190,3946e9,43.66772150589248,1.3213675362723214,132.0,142.6960517220166,-640.0,AFR56LN,False,False,False,1000,775.0,1100.0
1641062191,3946e9,43.66749572753906,1.321616949037064,132.0,142.6960517220166,-640.0,AFR56LN,False,False,False,1000,750.0,1075.0
1641062192,3946e9,43.66676330566406,1.3223195630450582,132.0,142.6960517220166,-576.0,AFR56LN,False,False,False,1000,750.0,1075.0
1641062193,3946e9,43.66648864746094,1.322638933048692,132.0,142.6960517220166,-576.0,AFR56LN,False,False,False,1000,750.0,1075.0
1641062194,3946e9,43.66576631190413,1.323394775390625,131.0,143.0428942335053,-704.0,AFR56LN,False,False,False,1000,725.0,1075.0
1641062195,3946e9,43.66529846191406,1.3238525390625,131.0,143.0428942335053,-704.0,AFR56LN,False,False,False,1000,700.0,1025.0
1641062196,3946e9,43.66484069824219,1.324363531068314,131.0,142.77913719091438,-768.0,AFR56LN,False,False,False,1000,700.0,1025.0
1641062197,3946e9,43.664323192531775,1.3248988560267856,131.0,143.0428942335053,-768.0,AFR56LN,False,False,False,1000,675.0,1000.0
1641062198,3946e9,43.6640625,1.325130019077035,131.0,143.0428942335053,-768.0,AFR56LN,False,False,False,1000,675.0,1000.0
1641062199,3946e9,43.66353180448888,1.32568359375,131.0,143.0428942335053,-768.0,AFR56LN,False,False,False,1000,650.0,975.0
1641062200,3946e9,43.6629638671875,1.3262797510901163,131.0,143.0428942335053,-768.0,AFR56LN,False,False,False,1000,650.0,975.0
1641062201,3946e9,43.662506103515625,1.3267268690952037,131.0,143.3929251873925,-832.0,AFR56LN,False,False,False,1000,625.0,950.0
1641062202,3946e9,43.66200256347656,1.3272378611010176,131.0,143.3929251873925,-832.0,AFR56LN,False,False,False,1000,625.0,975.0
1641062203,3946e9,43.66154479980469,1.3277488531068316,131.0,143.3929251873925,-704.0,AFR56LN,False,False,False,1000,600.0,925.0
1641062204,3946e9,43.6611328125,1.328132097111192,131.0,143.3929251873925,-704.0,AFR56LN,False,False,False,1000,600.0,925.0
1641062205,3946e9,43.66035461425781,1.3288985851199129,130.0,143.7461622625552,-640.0,AFR56LN,False,False,False,1000,575.0,900.0
1641062206,3946e9,43.66007995605469,1.3292179551235466,129.0,143.4843221349704,-640.0,AFR56LN,False,False,False,1000,575.0,900.0
1641062207,3946e9,43.65966796875,1.3296726771763392,129.0,143.4843221349704,-640.0,AFR56LN,False,False,False,1000,575.0,900.0
1641062208,3946e9,43.65896968518273,1.3303920200892856,130.0,143.13010235415598,-640.0,AFR56LN,False,False,False,1000,550.0,875.0
1641062209,3946e9,43.65875244140625,1.330623183139535,130.0,143.13010235415598,-640.0,AFR56LN,False,False,False,1000,550.0,875.0
1641062210,3946e9,43.65815734863281,1.3311980491460758,130.0,143.13010235415598,-640.0,AFR56LN,False,False,False,1000,525.0,850.0
1641062211,3946e9,43.65752656581038,1.3318307059151786,130.0,143.13010235415598,-640.0,AFR56LN,False,False,False,1000,525.0,850.0
1641062212,3946e9,43.6571044921875,1.3322839071584305,130.0,143.13010235415598,-640.0,AFR56LN,False,False,False,1000,500.0,825.0
1641062213,3946e9,43.656646728515625,1.3327948991642442,130.0,142.51214410305275,-640.0,AFR56LN,False,False,False,1000,500.0,825.0
1641062214,3946e9,43.65614318847656,1.3333058911700582,130.0,142.51214410305275,-640.0,AFR56LN,False,False,False,1000,475.0,800.0
1641062215,3946e9,43.65568542480469,1.333816883175872,130.0,142.51214410305275,-704.0,AFR56LN,False,False,False,1000,475.0,800.0
1641062216,3946e9,43.655181884765625,1.334327875181686,130.0,142.51214410305275,-704.0,AFR56LN,False,False,False,1000,450.0,775.0
1641062217,3946e9,43.65472412109375,1.3348388671875,130.0,142.51214410305275,-704.0,AFR56LN,False,False,False,1000,450.0,775.0
1641062218,3946e9,43.65426790916313,1.335296630859375,130.0,142.51214410305275,-640.0,AFR56LN,False,False,False,1000,425.0,750.0
1641062219,3946e9,43.65385437011719,1.3357331031976745,129.0,142.2418668589162,-640.0,AFR56LN,False,False,False,1000,425.0,750.0
1641062220,3946e9,43.65339660644531,1.3362440952034884,129.0,142.2418668589162,-640.0,AFR56LN,False,False,False,1000,425.0,750.0
1641062221,3946e9,43.6528713420286,1.3368007114955356,128.0,142.59464336859145,-576.0,AFR56LN,False,False,False,1000,400.0,725.0
1641062222,3946e9,43.65240581965042,1.3372584751674106,128.0,142.59464336859145,-640.0,AFR56LN,False,False,False,1000,400.0,725.0
1641062223,3946e9,43.651885986328125,1.3377770712209305,128.0,142.95077342639303,-640.0,AFR56LN,False,False,False,1000,375.0,700.0
1641062224,3946e9,43.65147477489407,1.3382393973214286,128.0,142.95077342639303,-704.0,AFR56LN,False,False,False,1000,375.0,700.0
1641062225,3946e9,43.65096270027807,1.3387625558035714,128.0,142.95077342639303,-704.0,AFR56LN,False,False,False,1000,350.0,700.0
1641062226,3946e9,43.650636834613344,1.3390895298549106,127.0,143.3102771675242,-704.0,AFR56LN,False,False,False,1000,350.0,675.0
1641062227,3946e9,43.650171312235166,1.3396126883370536,127.0,143.3102771675242,-704.0,AFR56LN,False,False,False,1000,325.0,650.0
1641062228,3946e9,43.64965923761917,1.3400704520089286,127.0,143.3102771675242,-640.0,AFR56LN,False,False,False,1000,325.0,650.0
1641062229,3946e9,43.64923095703125,1.3405236532521805,127.0,143.3102771675242,-640.0,AFR56LN,False,False,False,1000,300.0,650.0
1641062230,3946e9,43.64872819286282,1.3410513741629464,127.0,142.6789638073687,-576.0,AFR56LN,False,False,False,1000,300.0,625.0
1641062231,3946e9,43.648223876953125,1.341609511264535,127.0,142.6789638073687,-576.0,AFR56LN,False,False,False,1000,300.0,625.0
1641062232,3946e9,43.64772033691406,1.342120503270349,127.0,142.6789638073687,-576.0,AFR56LN,False,False,False,1000,275.0,600.0
1641062233,3946e9,43.647331625728285,1.3425554547991072,128.0,142.95077342639303,-576.0,AFR56LN,False,False,False,1000,275.0,600.0
1641062234,3946e9,43.64681955111229,1.3430132184709822,128.0,142.95077342639303,-576.0,AFR56LN,False,False,False,1000,250.0,575.0
1641062235,3946e9,43.64643859863281,1.3434618572856103,128.0,142.95077342639303,-704.0,AFR56LN,False,False,False,1000,250.0,575.0
1641062236,3946e9,43.64593505859375,1.343994140625,128.0,142.95077342639303,-704.0,AFR56LN,False,False,False,1000,225.0,575.0
1641062237,3946e9,43.64570617675781,1.3442283452943316,128.0,142.95077342639303,-704.0,AFR56LN,False,False,False,1000,225.0,550.0
1641062238,3946e9,43.64523677502648,1.3447134835379464,128.0,142.59464336859145,-768.0,AFR56LN,False,False,False,1000,225.0,550.0
1641062239,3946e9,43.64451599121094,1.3454419513081397,129.0,142.86402479549955,-704.0,AFR56LN,False,False,False,1000,200.0,525.0
1641062240,3946e9,43.64451599121094,1.3454419513081397,129.0,142.86402479549955,-704.0,AFR56LN,False,False,False,1000,200.0,525.0
1641062241,3946e9,43.64451599121094,1.3454419513081397,129.0,142.86402479549955,-704.0,AFR56LN,False,False,False,1000,200.0,525.0
1641062242,3946e9,43.64328002929688,1.3467194313226745,129.0,142.86402479549955,-704.0,AFR56LN,False,False,False,1000,150.0,525.0
1641062243,3946e9,43.64241027832031,1.347613667332849,129.0,142.86402479549955,-512.0,AFR56LN,False,False,False,1000,125.0,475.0
1641062244,3946e9,43.64222717285156,1.347869163335756,129.0,142.86402479549955,-512.0,AFR56LN,False,False,False,1000,125.0,500.0
1641062245,3946e9,43.64222717285156,1.347869163335756,127.0,141.41084002023246,-384.0,AFR56LN,False,False,False,1000,125.0,500.0
1641062246,3946e9,43.64222717285156,1.347869163335756,127.0,141.41084002023246,-384.0,AFR56LN,False,False,False,1000,125.0,500.0
1641062247,3946e9,43.6405815512447,1.3495526994977678,128.0,142.95077342639303,0.0,AFR56LN,False,False,False,1000,100.0,475.0
1641062248,3946e9,43.64035034179688,1.349849257358285,128.0,142.95077342639303,0.0,AFR56LN,False,False,False,1000,100.0,475.0
1641062249,3946e9,43.64035034179688,1.349849257358285,128.0,142.95077342639303,0.0,AFR56LN,False,False,False,1000,100.0,475.0
1641062250,3946e9,43.64035034179688,1.349849257358285,128.0,142.95077342639303,0.0,AFR56LN,False,False,False,1000,100.0,475.0
1641062251,3946e9,43.64035034179688,1.349849257358285,128.0,142.95077342639303,0.0,AFR56LN,False,False,False,1000,100.0,475.0
1641062276,3946e9,43.63077163696289,1.359813601471657,128.0,142.95077342639303,0.0,AFR56LN,True,False,False,1000,125.0,
1641062277,3946e9,43.63077163696289,1.359813601471657,128.0,142.95077342639303,0.0,AFR56LN,True,False,False,1000,125.0,
1641062278,3946e9,43.63077163696289,1.359813601471657,128.0,142.95077342639303,0.0,AFR56LN,True,False,False,1000,125.0,
1641062279,3946e9,43.63077163696289,1.359813601471657,128.0,142.95077342639303,0.0,AFR56LN,True,False,False,1000,125.0,
1641062280,3946e9,43.63077163696289,1.359813601471657,128.0,142.95077342639303,0.0,AFR56LN,True,False,False,1000,125.0,
1641062281,3946e9,43.63077163696289,1.359813601471657,128.0,142.95077342639303,0.0,AFR56LN,True,False,False,1000,125.0,
1641062282,3946e9,43.63077163696289,1.359813601471657,128.0,142.95077342639303,0.0,AFR56LN,True,False,False,1000,125.0,
1641062304,3946e9,43.6256103515625,1.3651949860328854,128.0,142.95077342639303,0.0,AFR56LN,True,False,False,1000,150.0,
1641062305,3946e9,43.6256103515625,1.3651949860328854,128.0,142.95077342639303,0.0,AFR56LN,True,False,False,1000,150.0,
1641062306,3946e9,43.6256103515625,1.3651949860328854,128.0,142.95077342639303,0.0,AFR56LN,True,False,False,1000,150.0,
1641062307,3946e9,43.6256103515625,1.3651949860328854,128.0,142.95077342639303,0.0,AFR56LN,True,False,False,1000,150.0,
1641062308,3946e9,43.6256103515625,1.3651949860328854,128.0,142.95077342639303,0.0,AFR56LN,True,False,False,1000,150.0,
1641062309,3946e9,43.6256103515625,1.3651949860328854,128.0,142.95077342639303,0.0,AFR56LN,True,False,False,1000,150.0,
1641062310,3946e9,43.6256103515625,1.3651949860328854,128.0,142.95077342639303,0.0,AFR56LN,True,False,False,1000,150.0,
1641062311,3946e9,43.6256103515625,1.3651949860328854,128.0,142.95077342639303,0.0,AFR56LN,True,False,False,1000,150.0,
1641062312,3946e9,43.6256103515625,1.3651949860328854,128.0,142.95077342639303,0.0,AFR56LN,True,False,False,1000,150.0,
1641062313,3946e9,43.6256103515625,1.3651949860328854,128.0,142.95077342639303,0.0,AFR56LN,True,False,False,1000,150.0,
1641062314,3946e9,43.6256103515625,1.3651949860328854,128.0,142.95077342639303,0.0,AFR56LN,True,False,False,1000,150.0,
1641062315,3946e9,43.6256103515625,1.3651949860328854,128.0,142.95077342639303,0.0,AFR56LN,True,False,False,1000,150.0,
1641062321,3946e9,43.62445120084084,1.3665553501674106,128.0,142.95077342639303,0.0,AFR56LN,True,False,False,1000,150.0,
1641062322,3946e9,43.6244861150192,1.3671766008649553,128.0,142.95077342639303,0.0,AFR56LN,True,False,False,1000,150.0,
1641062323,3946e9,43.6245002746582,1.3672708910565046,128.0,142.95077342639303,0.0,AFR56LN,True,False,False,1000,150.0,
1641062325,3946e9,43.624509391138105,1.3675199236188615,128.0,142.95077342639303,0.0,AFR56LN,True,False,False,1000,150.0,
1641062326,3946e9,43.624509391138105,1.3675199236188615,128.0,142.95077342639303,0.0,AFR56LN,True,False,False,1000,150.0,
1641062330,3946e9,43.62455749511719,1.3680693160655888,128.0,142.95077342639303,0.0,AFR56LN,True,False,False,1000,150.0,
1641062331,3946e9,43.62455749511719,1.3680693160655888,128.0,142.95077342639303,0.0,AFR56LN,True,False,False,1000,150.0,
1641062332,3946e9,43.62455749511719,1.3680693160655888,128.0,142.95077342639303,0.0,AFR56LN,True,False,False,1000,150.0,
1641062335,3946e9,43.62459182739258,1.3685324025708576,128.0,142.95077342639303,0.0,AFR56LN,True,False,False,1000,150.0,
1641062343,3946e9,43.62467193603516,1.3693148590797604,128.0,142.95077342639303,0.0,AFR56LN,True,False,False,1000,150.0,
1641062344,3946e9,43.62467193603516,1.3693148590797604,128.0,142.95077342639303,0.0,AFR56LN,True,False,False,1000,150.0,
1641062345,3946e9,43.62467193603516,1.3693148590797604,128.0,142.95077342639303,0.0,AFR56LN,True,False,False,1000,150.0,
1641062347,3946e9,43.62473051426774,1.370053972516741,128.0,142.95077342639303,0.0,AFR56LN,True,False,False,1000,150.0,
1641062355,3946e9,43.62480926513672,1.370959614598474,128.0,142.95077342639303,0.0,AFR56LN,True,False,False,1000,150.0,
1641062357,3946e9,43.62484689486229,1.3713128226143974,128.0,142.95077342639303,0.0,AFR56LN,True,False,False,1000,150.0,
1641062358,3946e9,43.62484689486229,1.3713128226143974,128.0,142.95077342639303,0.0,AFR56LN,True,False,False,1000,150.0,
1641062359,3946e9,43.62484689486229,1.3713128226143974,128.0,142.95077342639303,0.0,AFR56LN,True,False,False,1000,150.0,
1641062360,3946e9,43.62484689486229,1.3713128226143974,128.0,142.95077342639303,0.0,AFR56LN,True,False,False,1000,150.0,
1641062361,3946e9,43.62484689486229,1.3713128226143974,128.0,142.95077342639303,0.0,AFR56LN,True,False,False,1000,150.0,
1641062364,3946e9,43.62495803833008,1.372173220612282,128.0,142.95077342639303,0.0,AFR56LN,True,False,False,1000,150.0,
